productid,product
123456,Dahle 558
123457,AEG AEQ32
123458,Acer C120
123459,Ledgo B56
123460,Cykell T3
123461,Steba KH5
123462,Vimtag B1
123463,Jeruzalem
123464,Rode M1-S
123465,Dahle 561
123466,Dahle 534
123467,Antec One
123468,Zoom U-24
123469,NAD PP375
123470,DKN R-320
123471,CME Solar
123472,JBL CS742
123473,Qlima A25
123474,Steba LB5
123475,Samson Q7
123476,Qlima A45
123477,LG 34UM88C
123478,Qlima D520
123479,BenQ TW529
123480,DiBO P13 D
123481,HEOS 1 Wit
123482,LG PH450UG
123483,LG 22M47VQ
123484,Qlima D516
123485,Acer P5515
123486,BenQ TH530
123487,LG LAS454B
123488,Uebler F22
123489,Winix P150
123490,Winix P300
123491,ION Plunge
123492,Qlima D512
123493,BenQ MH741
123494,Dyson AM10
123495,AEG KF7800
123496,Uebler F42
123497,CYP AU-D12
123498,Uebler DT2
123499,Desq 20008
123500,HEOS 7 Wit
123501,Desq 20052
123502,ION Max LP
123503,JBL LSR305
123504,Desq 20009
123505,Uebler DT1
123506,AEG KF5700
123507,Desq 20072
123508,LG F1412KG
123509,JBL GX600C
123510,CASO VC 10
123511,Hete Kolen
123512,Acer P1185
123513,Qlima D410
123514,Sunred WBR
123515,Mill TG20B
123516,ION Air LP
123517,BenQ PV270
123518,BenQ SW320
123519,Hitman PS4
123520,BenQ SL460
123521,Sanus LC1A
123522,Sanus MC1A
123523,LG 19MB15T
123524,BenQ W2000
123525,Acer P6600
123526,Acer K135i
123527,WMF Stelio
123528,BenQ MS527
123529,Winix P450
123530,Alesis Q49
123531,Acer P6500
123532,Akai LPK25
123533,Sanus LL11
123534,1-2 Switch
123535,Sap gezond
123536,Etna REC40
123537,Ledgo R332
123538,LG 31MU97Z
123539,FIFA 17 PC
123540,TRX Xmount
123541,LG 23ET63V
123542,Mill IB300
123543,IBaby - M6
123544,Samson Q1U
123545,Veggiestan
123546,Planet BBQ
123547,Sanus ML11
123548,Elro HA68S
123549,Sanus VMT5
123550,LG 17MB15T
123551,Sanus VML5
123552,Etna 31028
123553,Mill TG10B
123554,Ledgo B126
123555,AEG KAM300
123556,Mill TH350
123557,JVC KD-R472
123558,Beurer LS 6
123559,Asus Z170-A
123560,LG 49UH610V
123561,Asus VC239H
123562,Luvion Easy
123563,Asus RP-N12
123564,Sharp R20DS
123565,Dell P2416D
123566,Wagner W 95
123567,Sony HT-XT3
123568,AOC i2769VM
123569,Etna T202ZT
123570,JBL Go Rood
123571,LG VR8600OB
123572,Trebs 99329
123573,FIFA 17 PS4
123574,Plenty More
123575,BenQ ST550K
123576,LG 34UC98-W
123577,AOC U2879VF
123578,Optoma HD27
123579,Beurer MG16
123580,LG 55UH605V
123581,LG 55UH615V
123582,Etna A280ZT
123583,LG 29UM58-P
123584,Beurer MG55
123585,Beurer MG80
123586,Asus PG279Q
123587,BenQ GL955A
123588,Beurer FB35
123589,JVC KD-R481
123590,LG 22MB37PU
123591,JBL Go Roze
123592,ATAG ACC926
123593,Asus VC279H
123594,BenQ XR3501
123595,Asus PA329Q
123596,Beurer MG40
123597,JBL CS1204B
123598,Ultimaker 3
123599,Domo DO8140
123600,Asus 4G-N12
123601,SONOS BOOST
123602,LG 55UH661V
123603,Asus PB287Q
123604,Steba KB 28
123605,LG 24MP48HQ